First_Name,Last_Name,Address,Cty_State_Zipcode,Phone_Number
Arturo,Wisniewski,19804 Beilfuss Point,Bordeaux,252.235.129.186
Jordan,Richardt,259 Mccormick Avenue,Kamenskiy,78.129.249.201
Darline,MacDonough,47210 Green Ridge Plaza,Vukatanë,91.75.130.61
Temp,Cushe,5 Killdeer Terrace,Lubāna,77.78.83.123
Manda,Saunderson,5288 Sycamore Park,Kamenný Přívoz,54.98.152.234
Herb,Turpin,3 Lukken Center,Sanbao,170.199.31.33
Timmy,Kitto,456 Reindahl Park,Botao,153.18.211.194
Rawley,Broe,9 Tennessee Park,Tak,225.127.187.150
Reamonn,Tomkiss,13 Spohn Parkway,Keruguya,219.95.140.212
Con,Dubbin,9280 Express Point,Ishqoshim,141.74.143.247
Petr,Langstaff,044 Dryden Hill,Tögrög,206.99.161.216
Chevalier,Stonnell,0736 Messerschmidt Plaza,Tucupita,181.144.85.42
Perle,Heinicke,87 Riverside Street,Irupi,207.153.1.137
Elysee,Plant,1303 Laurel Trail,Kadubamban,144.233.125.32
Lorena,Wakes,35 Hauk Circle,Khasavyurt,174.227.11.214
Gerardo,Clubb,77375 Glacier Hill Point,Amfíkleia,129.101.134.18
Kass,Sanbrooke,811 Vera Center,Dalu,87.222.17.249
Libbey,Dudman,165 Packers Road,Salcedo,88.67.213.207
Preston,Wrates,517 Division Hill,Soure,222.190.39.24
Una,Marini,7845 Sunnyside Lane,Karlivka,57.246.155.64
Duke,Toma,272 Artisan Parkway,Chão,83.135.124.219
Ole,Coil,2 Bartillon Trail,Erie,207.181.32.215
Elwyn,Inston,23974 Hauk Circle,Głowno,241.223.105.159
Sergent,Antecki,1 Hudson Park,Al Khārijah,65.136.159.188
Arney,O'Spillane,2 Jay Terrace,Quimper,225.229.255.100
Terence,Medcraft,9 Mayfield Circle,Bei,53.232.166.8
Vernen,Stout,19 Grover Avenue,Río Viejo,10.85.170.90
Toma,Pitkaithly,988 Monterey Place,Hilotongan,156.81.142.200
Brietta,Dellenbach,4 Northridge Place,San José Poaquil,212.5.65.223
Blakeley,de Chastelain,7479 Milwaukee Point,Shalang,188.142.229.52
Gayle,Seaton,95 Summerview Road,Quşrah,99.52.251.193
Shalne,Bonney,3885 Moland Crossing,Pulau Pinang,223.113.188.37
Abbey,Hudless,830 Division Point,Shengmi,64.244.139.211
Germain,Willerton,371 Riverside Hill,Shums’k,50.192.4.235
Ernesto,Itzhaiek,3699 Novick Center,Liuzhi,227.164.191.218
Gypsy,Jilliss,5277 Hooker Terrace,Rū-ye Sang,215.134.225.243
Winona,Klejin,35 Dahle Circle,Hariang,134.214.239.162
Alleen,Bleaden,7 Manley Court,Lichtenburg,26.129.56.114
Evered,Saladin,87785 Spenser Lane,Bandar Seri Begawan,175.51.156.58
Caressa,Tatnell,5 Norway Maple Point,Tocopilla,47.37.255.210
Lorens,Ponte,303 Northland Lane,Shancheng,205.182.18.245
Deonne,Marsters,9 International Drive,Krasnystaw,117.59.169.254
Godfrey,Flanagan,230 Commercial Court,Nagpandayan,59.75.16.56
Clarissa,Lentsch,41465 Nobel Point,Picoto,106.246.211.75
Willabella,McGrale,3479 Sutherland Hill,Niugan,94.170.246.88
Rica,Stoffler,37816 Vidon Avenue,Weligama,8.85.91.107
Carmelina,Findlater,48694 John Wall Lane,Wuyun,239.155.216.110
Raimundo,Cowely,16728 2nd Court,Ciranca Satu,59.65.77.76
Hyatt,Roon,6844 Fair Oaks Avenue,Donegal,59.173.153.126
Mohandas,Breukelman,5 Rockefeller Circle,Bajram Curri,240.204.240.218
Abhandas,Breukelman,5 Rockefeller Circle,Bajram Curri,240.204.240.218
Marcela,Ninotti,0936 Melrose Junction,Žďár nad Sázavou,224.113.61.70
Aviva,Pleasance,60 Hoffman Point,Grootfontein,193.152.245.53
Pepillo,Skeermer,07 Nova Crossing,Mentaraman Satu,45.105.84.13
Lonnie,Zanutti,79836 Evergreen Avenue,Na Tan,163.47.109.109
Elonore,Elliff,8 Lake View Park,Cloyne,77.95.19.236
Marilin,Ussher,354 Evergreen Center,Camatagua,115.213.120.191
Sigrid,Tesh,25849 Bay Alley,Cascais,11.58.138.216
Fallon,Bransden,11 Rieder Court,Kafr Thulth,41.253.199.156
Bernardina,Pendle,398 Stuart Plaza,Crossmolina,167.147.120.173
Abe,Wainscoat,57694 Manitowish Point,Vinsady,235.122.97.31
Skippie,MacGilfoyle,83 Michigan Circle,Yinghua,125.118.221.191
Retha,Glading,10328 Roth Circle,Unión,68.201.213.14
Barbabra,Bau,14 Dawn Trail,Atlanta,33.3.184.199
Trstram,Lamprecht,89183 Pepper Wood Junction,Paamiut,80.252.144.227
Karim,Skitterel,58 Mendota Road,Dongdu,68.222.154.88
Frasquito,Estoile,89 Crownhardt Drive,Ziftá,238.153.166.142
Avigdor,Dowling,089 Cottonwood Hill,Ayamaru,47.56.131.239
Diandra,Lamond,524 Huxley Place,Koška,150.250.254.134
Emmy,Ruilton,373 Tennyson Center,Longkali,47.191.203.132
Ham,Stobie,53004 7th Hill,Narutō,61.43.138.92
Guenevere,Brockway,0 Alpine Street,Huangzhuang,182.39.164.241
Gerome,Pina,8400 Donald Junction,Zandak,26.78.71.22
Philomena,Godlee,29794 Rowland Point,Hongguang,28.79.78.180
Cassandre,Dusey,74 Meadow Valley Terrace,Áthyra,93.173.16.171
Kurtis,Camolli,04521 Comanche Way,Potosí,185.231.234.33
Lark,Costellow,41 Michigan Terrace,Beyla,28.159.218.67
Randal,Bonicelli,86672 Shelley Circle,Iława,229.205.141.14
Gayla,Causey,850 Sheridan Point,Lipu,240.195.95.204
Wilbur,Loch,84 Laurel Pass,Rudnichnyy,143.236.57.186
Bran,Iscowitz,0584 Roth Plaza,Yashiga,55.209.123.137
Dugald,Janku,7151 Quincy Pass,Pataruman,207.159.163.195
Mal,Tipens,83 Florence Point,Qingquan,7.48.101.160
Rosalia,Blumson,002 Graedel Center,Houzhai,129.77.248.129
Reeba,Kelcher,4279 Buena Vista Avenue,Oslo,6.145.7.4
Cleve,Yeliashev,05 3rd Parkway,Songnan,20.92.251.85
Malena,Mulcock,2 Thompson Terrace,Shenshan,72.53.29.123
Fairleigh,Keilty,53341 6th Pass,Arazane,2.170.199.34
Seamus,Bein,7324 Weeping Birch Pass,Couço,18.126.151.242
Leoline,Caughan,852 Old Gate Road,Changling,38.112.46.136
Erminia,McOrkil,8 Lakewood Crossing,Bal Chirāgh,151.119.118.248
Kristyn,McDiarmid,76133 Coleman Alley,Bayḩān,146.108.65.245
Dacia,Pactat,7136 Messerschmidt Hill,New Westminster,240.53.238.17
Yolane,Thow,52 Anzinger Place,General Galarza,177.114.148.240
Prentice,FitzGibbon,99 Lakeland Court,Songjiang,74.237.33.140
Kai,Krystek,4 Redwing Drive,Shanting,8.175.201.67
Gustav,Coppock.,45816 Di Loreto Point,Soko,106.134.100.207
Katinka,Road,61 Meadow Valley Street,Toritama,76.0.104.15
Reina,Seleway,0 Heffernan Way,Ylihärmä,161.43.160.59
Betteann,Bernon,2102 Meadow Valley Circle,‘Uzeir,130.142.70.88
Lettie,Noakes,79510 Loeprich Lane,Drochia,131.253.16.44
Karola,Stronough,651 Annamark Circle,Jianshan,176.142.166.103
Erek,McGonigal,5 Daystar Circle,Zhouzhuang,89.61.63.118
Charmine,Samweyes,4703 Mitchell Drive,Marina,220.22.255.205
Reinold,McGaugie,77788 Shasta Way,Privolzhskiy,88.197.13.118
Shelly,Lamond,2 Hoffman Hill,Kanaya,42.114.120.53
Harlan,Petrakov,3219 School Court,Ransang,144.20.29.165
Mersey,Beer,5 Dakota Junction,Sanjiangkou,141.102.180.104
Jessalyn,Muslim,0294 Holy Cross Way,Charlestown,75.60.88.149
Linnie,Bolmann,76 Leroy Trail,Yasugichō,130.83.188.173
Creigh,Filchagin,95982 Bellgrove Road,Muquiyauyo,245.198.103.137
Pebrook,Wickens,44623 Scofield Place,Liuzu,160.230.123.230
Hiram,Olligan,18812 Hollow Ridge Way,Baiquan,183.168.86.176
Kally,Pirri,6571 Northridge Alley,Takaka,150.126.68.211
Mic,Denisyev,46741 Riverside Court,Xindu,32.154.165.167
Sanford,Ainscow,4356 Elgar Point,Longping,238.134.225.113
Osborn,Corradini,243 Redwing Court,Jingning Chengguanzhen,135.177.220.124
Rikki,Spinelli,2826 Moulton Pass,Xianghua,232.158.16.185
Dominica,Dudley,19 Brown Parkway,Villa Dolores,169.22.164.211
Rina,Yeeles,113 Kings Court,Krapivna,77.10.248.177
Dorris,Stutter,55745 East Parkway,Centralniy,15.32.192.161
Syman,Dumingos,96614 Merrick Way,Al Ḩāmūl,102.124.128.140
Raine,Labdon,12618 Butternut Avenue,Sandweiler,0.148.9.164
Jemmie,Courtliff,52 Merrick Lane,Huaiya,45.169.67.35
Mike,Thornham,48 Mallard Place,Cabreúva,102.241.3.147
Luther,Lanigan,329 Saint Paul Road,Ilagan,29.48.76.93
Falito,Pavlovsky,08715 Dottie Junction,Zhexiao,235.221.169.246
Merla,Birth,84814 Menomonie Parkway,Atlanta,83.190.230.123
Mattheus,Aglione,37738 Chinook Place,Novi Itebej,89.165.244.190
Nickie,Hanbidge,6874 Sachs Pass,Suwaru,224.63.252.203
Nevin,Tolson,50033 Ruskin Pass,Taobei,73.169.175.140
Vannie,Jerratsch,470 Fallview Road,Candijay,151.148.137.199
Kania,Battyll,5 Summit Way,Sibagat,58.168.183.195
Casey,Ryam,703 3rd Alley,Thiais,81.80.90.50
Bruce,Feldmus,3 Dakota Lane,Bremerhaven,132.69.55.153
Saunder,de Pinna,71 Dwight Plaza,Heydərabad,177.86.66.226
Ninnette,Redford,1 Northwestern Avenue,Kilkís,87.212.94.2
Tiffi,Rollings,56356 Eastlawn Place,Suklayin,121.0.150.108
Umeko,Dimanche,87 Hudson Circle,Itupiranga,204.210.66.105
Percy,Kemble,2627 Becker Crossing,Orichi,124.42.167.189
Berkeley,Schoenleiter,51 Warrior Pass,Stakhanov,81.75.25.226
Lonnie,Burnage,1 Fallview Hill,Rokytnice,120.164.78.244
Monah,Corran,8305 Lotheville Alley,Kalabahi,23.242.248.102
Cally,Saunton,52 Hooker Road,Evinayong,124.74.11.212
Douglass,Cattonnet,1184 Milwaukee Court,Lhuentse,208.230.20.23
Everett,Stokell,5957 5th Parkway,Starobaltachevo,29.39.119.166
Alleyn,Nockolds,1857 Hoffman Plaza,Culubasa,123.255.22.61
Deeanne,Pee,8912 Reindahl Lane,Klokot,71.24.62.239
Nicola,Jovis,52959 Lakeland Hill,Kultuk,0.100.245.250
Theresina,Anselm,713 Elgar Center,San Pedro de Lloc,0.65.38.19
Leo,Ellesmere,46 Mayfield Junction,Kerema,229.243.112.233
Philbert,Copello,4531 Weeping Birch Center,Krychaw,102.144.119.166
Homere,Crutchley,541 Ridgeview Plaza,Nedryhayliv,221.150.128.88
Megen,Pevie,425 Prairie Rose Park,Krajan Craken,84.245.53.243
Lorry,Tredinnick,9 Shopko Hill,Kopayhorod,78.227.31.183
Aleda,Spanswick,9 International Circle,Bangker,244.37.137.3
Babette,Clapson,6 Straubel Center,Floreşti,83.181.4.19
Vassili,Vinecombe,5 Warrior Lane,Qutqashen,237.12.152.32
Octavius,Balfre,45861 Trailsway Road,Santa Cruz,184.66.15.2
Renault,Ramelet,824 Amoth Road,Bayt Yāshūţ,79.35.65.232
Haley,Sline,9433 Prairie Rose Alley,Gitega,108.16.208.148
Nan,Coppo,663 Glacier Hill Parkway,Mollās̄ānī,125.38.204.77
Sal,Mirfield,70979 Melrose Drive,Rialma,89.149.65.65
Barnaby,Daout,555 Hoard Junction,Novaya Chigla,119.2.76.63
Mufi,Seagrave,5 Granby Place,Aībak,97.34.36.100
Fleur,Conan,1 Bashford Plaza,Jindu,203.243.217.63
Orion,Sparshutt,29588 Sommers Lane,Horten,74.193.136.184
Muffin,todor,7 Grover Avenue,Vallenar,130.172.236.135
Debby,Storre,16339 Fairview Drive,El Paso,46.49.113.194
Conan,Normansell,44 Lighthouse Bay Way,Fort Dauphin,166.216.30.19
Tersina,Worthing,22141 Prairie Rose Court,Juren,160.27.6.188
Hinda,Swinn,9 8th Trail,Libao,24.213.117.218
Gaultiero,Le Strange,03 Canary Park,Kuta,195.240.128.90
Manny,Mee,597 Green Ridge Lane,Paokmotong Utara,216.147.155.221
Michaella,Quarrell,546 Sherman Junction,Wangong,53.212.12.149
Salvatore,Legate,335 Hintze Pass,Vřesina,236.146.203.188
Leora,Sobtka,92 Hanover Crossing,Jönköping,48.105.5.114
Sheila-kathryn,Zarfat,7 Schmedeman Avenue,Sukadana,89.162.229.34
Trevor,Earnshaw,1 Morning Lane,Petropavlovsk,168.219.90.226
Joe,Barkas,1880 Prairie Rose Parkway,Bulog,13.244.27.220
Zachary,Francesco,095 Jana Place,Студеничани,248.62.14.16
Ferdinand,Gallone,2 Utah Circle,Sanhe,150.254.86.100
Zia,Maycock,62966 Prentice Alley,Sigetec,221.45.19.62
Chauncey,Foster-Smith,8706 Muir Crossing,Zhuyeping,215.182.104.232
Seka,Binge,23971 Manitowish Way,Jales,183.174.208.7
Cody,Feaver,64 Hoffman Point,Zhonghekou,145.214.193.85
Yalonda,Portam,9 Butternut Parkway,Uzyn,186.253.7.191
Hobie,Camilli,8 Mallory Court,Ambanja,245.254.167.148
Georgeta,Paxforde,3 Kropf Road,Mzuzu,150.247.176.66
Wilie,Doe,99 Bluejay Lane,Pancur,84.24.145.130
Karlee,Emlin,50 Havey Road,Köping,177.161.5.214
Findley,Organer,98842 High Crossing Court,Thành Phố Bà Rịa,40.216.2.222
Theo,Nowlan,50912 Homewood Court,Beiwenquan,206.30.30.5
Spencer,Motherwell,305 Anhalt Plaza,Damanhūr,16.223.222.5
Denna,Legh,46 Cordelia Lane,Haokou,246.100.224.138
Boniface,Ferens,023 Walton Park,Jiangyi,96.210.177.3
Rudiger,Roylance,9722 Lyons Crossing,Sangtian,8.112.39.26
Kalil,Huikerby,802 American Ash Street,Leonárisso,184.187.61.53
Ofelia,Joontjes,43648 Mayer Pass,Panzhou,27.159.252.212
Philippa,Gerbel,6 Pennsylvania Lane,Nioumamilima,45.116.150.65
Dorothy,Loveland,0774 Forest Run Pass,Panggungsari,109.106.178.153
Standford,Parkyn,36 6th Circle,Na Chueak,255.46.218.240
Deny,Sauvage,9 Maple Wood Hill,Novopokrovskaya,233.252.79.204
Rosanne,Conkey,82 Old Shore Center,Karabanovo,195.25.14.124
Ryley,Saich,49 Bluestem Point,Libacao,235.75.161.231
Nanny,Ladloe,7 Transport Terrace,Cahul,100.113.216.24
Sarajane,Tudbald,554 High Crossing Alley,Tân Phú,68.149.180.243
Robbert,Dignum,7172 North Circle,Lacabamba,116.10.4.240
Maryjo,Biggam,0 Dayton Plaza,Maibu,161.65.86.11
Morly,Sherwood,9506 Longview Plaza,Lugovskoy,93.91.149.120
Napoleon,Iori,23 Troy Way,Voronezh,159.193.159.240
Temple,Crosi,61301 Dovetail Junction,Jincun,167.94.146.39
Halie,Nevison,7 Tennessee Place,Hele,249.90.224.206
Antons,Deverale,0 Redwing Street,Kuching,126.6.177.54
Simeon,Jeacop,7 Truax Lane,Ciseda,82.23.44.16
Laverne,Grunwald,55 Kenwood Crossing,Liushikou,20.23.226.133
Minta,Puig,022 Utah Pass,Chenggang,160.184.151.219
Abagail,Bartolozzi,49 Karstens Crossing,La Huaca,79.214.199.35
Ava,Gantz,1163 Toban Avenue,Nanxinxiang,166.175.22.120
Arnoldo,Braney,4 Londonderry Center,Clermont-Ferrand,118.60.186.15
Cynthia,Tompkins,191 Everett Circle,Bistrinci,229.96.54.215
Muriel,Sharphurst,8 Lerdahl Junction,Yushan,59.235.228.197
Kelvin,Greensted,16624 Homewood Trail,Shizong,129.217.149.92
Irwin,Rainbow,914 Gina Parkway,Jammāl,66.52.166.133
Christin,Stearley,65566 Dexter Street,Nagoya-shi,127.223.130.97
Inessa,Warret,8 Maple Wood Court,Basseterre,165.157.18.18
Jozef,Cotterrill,1 Gina Crossing,Xiangyanglu,155.30.245.47
Jonas,Giannoni,52401 Lakeland Plaza,Zhashkiv,161.11.221.63
Gwendolin,Cristoforetti,41868 Farmco Road,Glasnevin,90.224.70.196
Faunie,Voelker,94 Warbler Place,Hongxi,159.23.179.208
Danie,Benstead,13 Oakridge Hill,Kebonjaya,23.233.22.215
Elenore,Morican,46049 Ramsey Court,Sakado,210.62.223.18
Cristobal,Orneblow,858 Hansons Trail,Jianjun,53.88.120.121
Athene,Tincey,132 Springview Street,Gorzyce,217.169.140.106
Constantine,Spilsted,331 Huxley Center,Sixi,245.39.67.27
Hope,Davenall,4 Service Junction,Kota Kinabalu,149.119.250.132
Salli,Hailston,5 Sycamore Drive,Pagak Kulon,81.123.229.172
Zeb,Kingsbury,8 Johnson Center,Wiskitki,72.255.53.9
Remy,Pawellek,740 La Follette Circle,Bharatpur,149.52.189.176
Franciska,Wild,00538 Crowley Junction,Tirhanimîne,0.207.199.155
Beau,Petasch,9 Moulton Road,Heerlen,124.105.84.34
Carmel,Warnock,24 Tomscot Pass,Walnut Grove,119.136.165.128
Cammy,Sewley,5 Elmside Place,Cimanggu Wetan,251.85.240.25
Lyndsie,Mangin,02690 Debra Pass,Wenwucao,201.37.72.131
Son,Kollatsch,99407 Roth Point,Plaza de Caisán,5.181.197.128
Joleen,Danbi,09 Elmside Alley,Jerusalem,164.61.35.222
Lesly,Eastmond,334 American Lane,Vitoria-Gasteiz,95.188.216.101
Sol,Handlin,5 Loeprich Place,Diré,250.49.172.68
Karol,Sandells,3014 American Lane,Chodová Planá,33.143.225.82
Adan,Gorick,70 Monica Court,Pakusari,214.115.209.124
Emanuel,Coronas,505 Crowley Alley,Magok,226.175.188.156
Reine,Robillard,5587 Harbort Street,Sukamaju,217.222.26.188
Carola,Bernhardsson,69402 Sundown Junction,Abashiri,74.109.249.183
Rowney,Stather,02 Novick Trail,Frederiksberg,153.143.185.26
Bryce,Stockport,306 Forest Run Drive,Lilla Edet,171.121.79.194
Niels,Janney,622 Farragut Circle,Payaman,97.153.243.244
Manny,Seage,64 8th Point,Zhouhu,138.16.63.195
Giustino,Opy,775 Lillian Point,San Marcos,100.97.36.121
Marika,Tregunnah,6066 Macpherson Parkway,Nagosela,78.157.16.45
Del,Janjic,463 Darwin Plaza,Maumbawa,49.209.50.58
Silva,Graves,3 Arrowood Center,Nungwi,73.214.226.132
Christina,Hiskey,43 Valley Edge Road,Jahrom,58.173.148.11
Nola,Fancott,65536 Reinke Crossing,Tungao,3.119.232.188
Irv,Hounsom,10480 Bonner Plaza,Bangonay,122.128.44.114
Carolin,Dady,04607 Dawn Crossing,Kabar Utara,4.227.200.86
Gilligan,Acey,72 Goodland Parkway,Horní Jelení,194.152.36.109
Frankie,Slocomb,42943 Magdeline Crossing,Santong,148.86.154.173
Kit,Scarisbrick,21716 Meadow Vale Crossing,Nijemci,61.98.245.214
Ula,Gurry,600 Moulton Parkway,Saint-Claude,74.137.198.45
Connie,Biaggiotti,879 Rigney Road,Dolní Libina,60.224.209.178
Lek,Killingsworth,73 Spaight Way,Vondrozo,120.127.57.139
Roseanna,Guido,874 Brown Avenue,Ritchie,97.9.134.129
Erik,Brookwell,222 Moose Drive,Aguilar,248.29.39.234
Julietta,Fincham,57464 Kensington Street,Rivesaltes,132.255.145.218
Sophie,Seefus,511 Kedzie Plaza,Masaguisi,28.209.123.38
Stan,Cardew,4 Sloan Circle,Sambirejo,89.67.247.108
Kermie,Witnall,30 Carioca Road,Kyaikto,198.116.191.224
Maximilian,Maycey,6588 Hoffman Point,Cimanglid,238.200.213.118
Claribel,Bayns,11787 Pleasure Pass,Yancheng,220.119.175.245
Prent,Wogdon,6863 Holy Cross Pass,Bairan,8.250.231.246
Devin,Parkyn,0 Loomis Junction,Beloye,159.126.158.204
Haroun,Morriss,9 Iowa Avenue,Zaliznychne,255.47.54.94
Quinta,Laws,3327 Erie Trail,Pacasmayo,233.59.185.241
Amby,Tivolier,25571 West Point,Saint-Quentin-en-Yvelines,6.98.197.142
Crin,Gascard,58 Rusk Point,Al Qarārah,168.229.44.146
Anna-maria,Sansbury,9747 Wayridge Junction,Florence,137.91.104.67
Angelita,O'Dowd,837 Leroy Trail,Taza,153.188.62.88
Dael,Lundon,0 Heffernan Way,Jiulongshan,103.166.59.46
Bennett,Antoshin,04257 Del Sol Terrace,Escuintla,160.28.2.205
Maddy,Tidbold,9354 Leroy Pass,Yoshikawa,227.57.149.237
Anna,Ditzel,26473 Bunker Hill Point,Toulouse,151.96.204.218
Felic,Bleakman,5 Superior Trail,Columbus,213.9.99.8
Berkie,Signoret,11 Bultman Court,Bečmen,108.21.242.73
Trenton,Sowerby,3 Vera Alley,Buenos Aires,15.4.209.88
Rodrick,Lovat,722 Chinook Junction,Hongtang,67.122.49.208
Seana,McWhinnie,4 Anzinger Street,Shimonoseki,217.64.173.132
Dael,Vasilischev,7468 Gina Center,Kungsbacka,61.144.130.43
Maressa,Rosin,6140 Knutson Street,Calibungan,61.101.206.61
Madel,Sicely,22299 Cody Alley,Parakanbeusi,131.76.18.116
Lorianna,Brotherhed,822 Autumn Leaf Plaza,Negreiros,63.121.79.129
Lynde,Seath,9 Marcy Trail,Uyuni,110.159.203.16
Chet,Baldazzi,32 Drewry Plaza,Normanton,200.27.202.134
Roderich,Parzis,3675 Sunnyside Drive,Cunliji,39.253.47.102
Dorian,Huxley,43069 Bluejay Park,Raškovice,100.119.47.90
Juline,Lyles,44653 Reinke Lane,Casa Nova,201.71.80.96
Amata,Semrad,078 Upham Way,Lesogorsk,134.206.234.25
Leanna,Muck,3099 Dottie Point,Jinhe,216.56.165.181
Merilee,Stockbridge,26956 Del Sol Circle,Huancheng,58.232.42.119
Obediah,Gallamore,8718 Clemons Alley,Eláteia,203.13.140.252
Blondelle,Chiplin,2 Crest Line Parkway,Linoan,54.77.6.250
Gusti,Sperling,9 Shelley Parkway,Karolinka,25.155.215.136
Faustine,Ferrier,49693 Waxwing Parkway,Jikamshi,54.129.109.238
Clarabelle,Fortnum,72 Merrick Drive,Ágios Andréas,31.234.186.51
Martina,Bertomieu,3855 Westridge Drive,Ponta do Sol,248.3.207.131
Orazio,Moody,712 Sachtjen Lane,Māmu Kānjan,250.199.13.188
Barnabas,Bemwell,5389 Fieldstone Crossing,Harnoli,114.102.136.114
Riannon,Mowett,8 Utah Pass,Skerries,246.135.72.239
Jamaal,Yeoman,090 Sutherland Avenue,Qushi’an,77.7.84.187
Rae,Williment,08747 West Avenue,Kitami,164.241.158.131
Pasquale,Runchman,20874 Sutherland Park,Capulaan,178.28.38.98
Belinda,Chipp,91 Hoard Parkway,Strumica,1.10.136.174
Allan,Mushart,8550 Oneill Parkway,Camingawan,134.234.76.169
Archy,Clink,8 Anniversary Center,Kutampi,48.235.157.27
Marguerite,Stango,10842 Cambridge Plaza,Kutorejo,174.92.122.209
David,Salmond,563 Sachtjen Point,Baltiysk,22.41.53.2
Mattie,Mercey,20 Wayridge Road,Zhuhu,80.177.186.47
Ana,Rosenstengel,5 Judy Plaza,Aleysk,6.210.172.23
Jermain,Piscotti,14055 Glacier Hill Avenue,Cibalung,134.238.179.208
Dannye,Mouser,79060 Schlimgen Point,Jambuir Timur,59.27.130.62
Artemis,Weight,9 Schmedeman Point,Gazanjyk,154.157.127.135
Sharleen,Chaloner,73142 Thierer Court,Quibdó,182.31.164.136
Lacy,Reisenberg,521 Goodland Lane,Kloangrotat,124.56.32.37
Kinna,Prudham,558 Trailsway Trail,Uripa,128.15.221.255
Locke,Chippendale,1812 Marcy Center,Prachuap Khiri Khan,208.94.244.80
Madelon,Karpfen,92 Ramsey Drive,Gunungtua,0.33.90.173
Kimmy,Bartoshevich,9706 Maple Wood Hill,Khabarovsk,31.188.104.235
Avram,Hessenthaler,084 Ohio Court,Cimuncang,69.223.197.106
Shermie,Meakin,6980 Truax Park,Alençon,57.80.163.123
Delmor,Rembrant,8 Leroy Place,Sumusţā as Sulţānī,113.209.91.247
Miltie,Pendock,44 Claremont Terrace,Anhua,71.154.236.88
Erroll,Attarge,95 Anderson Hill,Ngedhusuba,210.208.152.230
Ximenez,McSperrin,02 Mariners Cove Hill,Zhuangxing,139.245.137.110
Denys,Shinn,560 Namekagon Court,Almeirim,109.96.85.231
Denny,Gawthrop,255 New Castle Drive,Kuybyshev,181.107.242.211
Katy,Gwatkins,4557 Acker Place,Baisha,246.161.21.201
Joice,McGarry,3 Gerald Plaza,Dadong,202.244.147.95
Tony,Diamant,00 Roxbury Road,Yuanquan,56.223.131.179
Paolo,Spiteri,3 Pond Avenue,Baota,30.157.49.204
Nikolos,Coggell,1 Oneill Pass,Lycksele,142.90.75.194
Amabel,Crosio,16593 Meadow Vale Plaza,Kalpin,14.18.173.248
Conroy,Houldey,34 Mockingbird Court,Ōkawa,128.205.115.196
Bryana,Kuzemka,0 Marquette Parkway,Voyutychi,176.222.83.111
Baudoin,Marielle,21219 Fieldstone Point,Jinping,27.34.254.55
Viki,Campe,722 Dunning Road,Abangay,177.23.112.242
Claudio,Housecraft,46 Schlimgen Center,Unity,151.148.207.11
Elvyn,Burnsall,1743 Delladonna Avenue,Baykalovo,80.51.25.165
Reginald,Soule,9 Quincy Street,Zlonice,127.39.189.19
Allene,Purselow,18324 Starling Junction,Cherëmushki,187.193.57.48
Lexi,Minet,405 Aberg Road,Candelaria,79.51.30.124
Edithe,Aicheson,9 John Wall Street,Belozërsk,225.31.17.160
Claudetta,Iacovucci,3 Vera Road,Kusheriki,150.218.241.45
Filip,Scallon,39528 Steensland Crossing,Sumurgung,181.139.117.59
Gusta,Bread,4 Mitchell Alley,Calzada Larga,1.107.94.124
Alexio,Giorgetti,2 Elmside Drive,Randudongkal,76.239.136.48
Rachel,Le feuvre,6 Old Shore Street,Santa Fe,70.198.80.168
Arvie,Lideard,5520 Redwing Terrace,Düsseldorf,93.131.148.90
Isak,Del Dello,4493 Crest Line Point,Shuya,242.207.179.74
Mahmoud,Phython,04 Tony Road,Morcolla,110.7.94.78
Katuscha,Sonnenschein,741 Judy Street,Sobo,64.237.168.8
Helge,Alvarado,910 Hanover Point,Xiaohe,20.43.76.127
Udale,Shawl,8 Hintze Point,Kumanis,254.147.116.197
Lucais,Pecht,67 Oneill Park,Karlstad,102.195.112.187
Parker,Sciacovelli,33 Oakridge Circle,Winnica,242.147.96.226
Wolfie,Blesing,36073 Charing Cross Circle,Braço do Norte,105.238.172.207
Ethelyn,Thireau,50 Elka Terrace,Nanlu,123.184.223.247
Noni,Mander,62557 Center Crossing,Aqsū,82.104.97.247
Karney,Kington,3324 Beilfuss Park,Rundeng,62.91.126.28
Arleyne,Cauldwell,46 Crest Line Place,Katoro,99.13.6.161
Teodora,Silkston,4933 Valley Edge Pass,Aginskoye,163.181.27.164
Dave,Daltry,5 Lerdahl Plaza,Oklahoma City,80.89.12.72
Spencer,Aikett,2573 Elgar Junction,Uhniv,119.57.137.30
Tiffi,Dafforne,14 Delaware Terrace,Tonghu,143.74.253.237
Preston,Jersh,9724 Kedzie Pass,Gotse Delchev,199.138.164.29
Joana,Reyna,33540 Eliot Trail,Évosmos,145.138.158.125
Maribel,Trathen,3937 John Wall Parkway,Golacir,58.17.66.51
Caritta,Robbs,67 Montana Plaza,Lancaster,42.37.1.85
Casey,Selwyn,50787 Golf Course Point,Paipa,65.183.231.213
Avis,Giacomucci,24 Fairview Alley,Bené Beraq,106.81.148.83
Kaine,Brinson,33271 Lake View Terrace,Phoenix,188.226.31.5
Gisella,Circuit,1 Everett Junction,Loures,178.9.70.125
Emile,Lippini,76749 Ridge Oak Parkway,Sindanghayu,67.127.111.194
Hollie,Brixey,0 Crescent Oaks Hill,Valdemārpils,70.209.191.3
Natalya,Geeson,4953 Debs Parkway,Kombandaru,50.95.158.180
Bernadene,Hartfield,12 Hazelcrest Parkway,Nagornyy,57.208.102.58
Melloney,Mattys,9924 Stuart Court,Daur,72.70.28.236
Mord,Pembridge,0 Bluejay Lane,Mouquim,61.131.161.24
Bernice,Fisbey,9816 Pine View Pass,San Martín de los Andes,200.57.164.91
Bethina,Kentwell,6416 Mockingbird Center,Zheleznogorsk,31.181.234.61
Vikki,Fendlen,1311 Lake View Alley,Datong,225.61.19.32
Krishnah,Simson,85772 Colorado Street,Kakata,64.126.248.11
Bernie,Loache,3 Hanson Circle,Lagoa do Itaenga,167.14.186.32
Newton,Dickenson,73766 Oak Valley Center,Phoenix,176.171.8.4
Rosalyn,Shellsheere,1 International Park,San Alejandro,209.191.146.176
Ermina,Chyuerton,6470 Marquette Lane,Darhan,47.28.18.222
Ricca,O'Doireidh,0881 Bunker Hill Place,Dūkštas,131.227.65.221
Durant,Dusting,3849 Valley Edge Alley,Wañgan,212.179.182.243
Domingo,Stares,5980 Elmside Road,Hailang,228.19.166.85
Gray,Barabisch,50 Schmedeman Plaza,Mairiporã,206.91.190.78
Syd,Denizet,1 Gateway Street,Lons-le-Saunier,201.12.120.113
Afton,Magor,766 Del Sol Alley,Majiadu,165.31.33.248
Flore,Pietrzyk,8664 Pearson Hill,Pentaplátano,221.130.178.245
Nikki,Pankethman,6 Aberg Court,Aldeias de Cima,126.52.36.99
Lucie,Ascough,448 Menomonie Lane,Zhonghe,61.160.51.255
Genevieve,Leatt,20 Sutherland Junction,Khorol,141.44.111.129
Clotilda,Jenoure,7659 Jay Terrace,Lingsar,71.98.9.255
Gerta,Cloney,188 Burning Wood Pass,Lagos da Beira,24.154.126.165
Torrie,Leece,5 Rockefeller Place,Jungutbatu Kaja Dua,167.255.219.4
Petr,Gadaud,381 Larry Drive,Jezerce,152.249.254.34
Berry,Cortnay,5 Old Gate Drive,Bojnik,190.2.239.31
Yank,Perotti,0 Havey Park,Rizal,196.126.30.143
Sianna,Corssen,8 Charing Cross Road,Changlong,218.129.237.181
Daryl,Lyons,2 Valley Edge Crossing,Xindu,25.191.255.55
Nicolea,Compfort,98 Dexter Lane,Ibung,97.84.85.38
Zelig,Pavolini,550 Hansons Avenue,Poços de Caldas,136.8.37.221
Phyllida,Hook,4210 Walton Place,Zhonglong,242.131.118.79
Rosalinda,Kynson,657 Cordelia Crossing,Ḩalwān,254.108.160.95
Bren,Jesty,31 Thierer Hill,Haghartsin,82.126.94.179
Lula,Dafforne,1 Clemons Point,Novosineglazovskiy,30.193.151.30
Franni,Howgego,3125 Mcguire Terrace,Cabanas de Viriato,240.194.233.113
Hersch,Fallanche,9 Bartillon Trail,Quebo,38.214.200.136
Camel,Mangenot,7 Butternut Trail,Mostovskoy,250.221.252.151
Gregoire,Puttnam,45 Sullivan Lane,Perehonivka,163.155.139.91
Anna-diana,Darragon,8 Iowa Place,Šentrupert,235.82.205.45
Omero,Fermor,1451 Melby Park,Santa Apolonia,47.153.115.53
Othilia,Kinvan,8 Rieder Parkway,Salamina,146.21.17.40
Caprice,Swannack,09 Shasta Crossing,Horki,88.166.246.214
Kendrick,Christy,3873 Wayridge Junction,Algarvia,157.13.166.231
Levy,Pearcehouse,271 Center Alley,Pahing Pamulihan,108.33.221.47
Erastus,Cavet,0 Lindbergh Parkway,Damāvand,194.153.25.52
Jillian,Maghull,5 Claremont Way,Rivera,214.253.30.63
Ola,Hodinton,7602 Mockingbird Court,Bantarpanjang,245.174.102.213
Idelle,de Mendoza,60 Lyons Circle,Armentières,71.213.26.219
Kelcy,Kellen,25733 Granby Road,Citeureup,106.167.63.23
Dorrie,Scamadin,693 Amoth Plaza,Khorramdarreh,115.105.230.179
Melba,Whytock,755 Lakewood Junction,Guaporé,27.197.216.229
Mathe,Klaggeman,16 Manitowish Avenue,Leku,52.178.210.65
Lonee,Dagnan,56 Debs Drive,Vila Nova,21.87.205.162
Nanny,Pfeifer,434 Lakeland Alley,Stony Hill,210.24.35.209
Coletta,Pendrid,90041 School Park,Fonte do Feto,140.143.82.84
Herculie,Ingold,6499 Leroy Point,Kadaka,190.226.116.217
Johna,Millhill,95 Duke Alley,Kuching,76.41.251.217
Bret,Wyson,567 Pine View Junction,Bila,179.124.61.219
Myrtie,McGahey,16 Schurz Junction,Sinarbakti,2.154.235.17
Jacquenette,Chomicz,214 Larry Center,Otaniemi,208.121.91.162
Delora,Logsdail,6 Sherman Lane,Tingsryd,194.90.95.88
Garrik,Hastings,263 Doe Crossing Pass,Minle,165.233.172.35
Codi,Bradick,0 Summit Drive,Lávara,243.102.2.32
Garold,McAuslene,4 Cambridge Drive,New York City,11.221.99.132
Rachelle,Fossitt,98647 Westridge Park,Cruz de los Milagros,98.50.44.140
Marcel,Martin,0 Transport Lane,Krasnotur’insk,38.86.49.81
Augustine,Chaloner,377 Stephen Terrace,Samaipata,61.16.244.1
Mersey,Rocca,68 Bunker Hill Avenue,Claveria,180.5.139.2
Stephannie,Sparham,3560 Grayhawk Drive,Nantes,59.7.194.94
Ranice,Degnen,228 Corscot Trail,Oibioin,161.108.164.7
Xavier,Hitschke,44 Arapahoe Pass,Torreira,135.133.68.142
Pearline,Ruffle,64151 Westridge Lane,Erfurt,161.141.31.221
Delphine,Bootton,46380 Hooker Hill,Xinji,61.161.230.244
Trix,Abelov,99 Dottie Circle,Meiktila,5.76.36.212
Craig,Petty,1 Twin Pines Place,Jelcz,107.178.11.132
Evy,Whitebread,692 Saint Paul Parkway,Haicheng,114.223.117.37
Liz,Drynan,28231 Mariners Cove Way,Sterling,232.112.77.225
Olivero,Longcake,62436 Moose Court,Jinzhou,199.131.116.145
Elroy,Bidmead,37130 Homewood Park,Dongjin,81.250.189.68
Nat,Smylie,2559 Veith Crossing,Bluff,177.15.34.46
Pancho,McEntegart,0234 Twin Pines Avenue,Maturín,217.203.249.90
Sigismundo,Jozefczak,9473 Spaight Road,Koilás,162.93.161.128
Noe,Krojn,6 Westridge Hill,Leshukonskoye,90.14.70.55
Chad,Loader,8512 Carpenter Alley,Horad Rechytsa,219.180.138.203
Glyn,Brunt,6 International Lane,El Hatillo,205.3.220.182
Rosco,Spellsworth,5 Old Gate Pass,Geser,228.25.126.7
Krispin,Pattington,332 Graedel Drive,Jingnao,3.59.16.170
Codee,Lugg,5569 Eagan Street,Mörrum,0.92.6.119
Mabel,Mowle,3 Merchant Avenue,Rio das Ostras,244.248.98.170
Corry,Norwich,2 Lyons Terrace,Pantai,138.3.189.82
Robin,Blyde,8086 Merrick Junction,Eṭ Ṭaiyiba,109.85.26.91
Gerek,Giraths,843 Banding Place,Goworowo,37.238.120.151
Reginald,Lepick,69287 Clarendon Court,Minji,125.231.63.52
Carolina,Stonner,607 Express Point,Suohe,79.38.36.174
Tris,Stubbins,90526 Sheridan Plaza,Īlām,161.201.119.77
Josy,Guillford,3473 Service Terrace,Luwingu,84.108.3.247
Inigo,Laugier,24 Armistice Hill,Świdnica,199.187.129.25
Doreen,Parkman,28 Karstens Hill,Oyo,120.150.82.149
Beniamino,Litton,77183 Union Alley,Karangsonojabon,252.46.152.79
Guenevere,Banke,5912 Monterey Place,Xiashixiang,192.157.187.139
Nick,Rowly,52161 Artisan Park,Bombon,5.233.69.119
Cathlene,Van der Velden,60059 Barby Crossing,Kristianstad,195.47.64.48
Cicily,Husk,70 Bluestem Place,Jiujiang,146.122.96.183
Blair,Attaway,64435 Coolidge Trail,Poroshkovo,199.245.0.216
Erena,Lidyard,48014 Pond Parkway,Vale Mourão,78.173.11.150
Brittni,Petr,9370 Anniversary Place,Pineleng,143.197.120.209
Igor,Castenda,2 Bunting Park,Pinellas Park,71.153.227.230
Jody,Tideswell,41249 Drewry Lane,Putrajaya,169.193.54.14
Far,Heyworth,55523 Hudson Circle,Randuagung,198.156.131.54
Salvador,Ivushkin,6321 Melvin Terrace,Tipolo,89.56.129.215
Wilton,Insley,39345 Melrose Way,Sekongkang Bawah,99.101.18.160
Sterne,Shrubsall,1512 Sachtjen Hill,Burgersfort,20.188.44.215
Oliy,Ravilus,7395 Declaration Street,Corpus Christi,108.224.38.93
Faye,Littlekit,52307 Moland Circle,Anta,80.86.139.157
Cthrine,Dibden,54926 Toban Alley,Dingcheng,38.87.95.93
Titus,Atherton,00897 Almo Court,Tefé,29.229.196.194
Aili,Sibyllina,20486 Stuart Way,Pulo,214.161.117.208
Justin,Bonnesen,8620 Straubel Circle,Onsala,128.9.83.102
Timmie,Mirrlees,60907 Lakewood Gardens Avenue,Huangascar,47.99.175.142
Cornell,Veltman,817 Blue Bill Park Plaza,Parry Sound,246.149.231.80
Patience,Ganiford,94661 Scofield Circle,Manassas,65.120.164.126
Ethe,Thormwell,6570 Crowley Street,Tukuyu,166.149.197.70
Goran,Hoy,15 Tennyson Parkway,Masaran,173.88.17.176
Carry,Spleving,7156 High Crossing Plaza,Mariara,231.29.119.150
Patti,Bentzen,9459 Hovde Street,Valašská Polanka,38.67.62.186
Tonye,Lante,280 Milwaukee Junction,Yablochnyy,73.178.107.249
Ginger,Congreve,36 Knutson Junction,Lubniewice,106.187.30.247
Reamonn,Hucklesby,8 Lerdahl Hill,Blagoveshchenka,186.154.31.247
Anastasia,Pert,32658 Fulton Crossing,Hecun,194.73.104.8
Reba,Videan,66 8th Trail,Hlyboka,226.109.213.168
Scotty,Lealle,93 Mockingbird Avenue,Menzel Bourguiba,227.110.49.168
Theodosia,Shergill,41 Longview Lane,Maslovare,51.208.236.40
Zahara,McKnockiter,87 Shoshone Park,Acobambilla,119.252.105.19
Verge,Jollye,26 Toban Alley,Klakeh,69.172.138.63
Austin,Votier,75887 Heffernan Drive,Dobrošte,155.63.252.54
Siegfried,Freezer,8967 Schurz Place,Lenningen,98.135.63.109
Caroline,Gentry,031 Reinke Street,Xinzhou,211.35.212.110
Ronnie,Di Bartolomeo,3 Oak Valley Circle,Pantano do Sul,255.142.55.169
Adrianna,Boorn,6010 Arrowood Trail,Wichit,249.157.17.63
Amalie,Crispe,22190 1st Plaza,Aizkraukle,133.97.193.234
Rozina,Bardill,2 Cardinal Lane,Baoxu,104.97.186.163
Aurelia,Furtado,94 Dovetail Court,Xinminxiang,145.214.214.79
Elyn,Kenwright,10894 Washington Pass,Lop,68.93.197.219
Shellysheldon,McGlade,74530 Golf Course Circle,Limón,195.34.91.84
Marys,Thon,09152 Becker Lane,Bicos,51.151.135.71
Fitz,Foulcher,3 Forest Dale Trail,Agen,189.111.120.217
Val,Conigsby,4146 Loeprich Plaza,Skhira,205.115.124.91
Marrilee,Cuttin,0 Corben Place,Le Grand-Quevilly,255.213.42.222
Drona,Brandin,59 Warner Drive,Girihieum,132.142.70.220
Zia,Bradneck,0 Maywood Drive,Saint Louis,103.13.6.178
Marlin,Tetther,6 Forest Dale Circle,Capira,91.157.25.60
Gussi,McKenzie,73 Morrow Drive,Sigay,100.100.129.238
Dorette,Gummie,70585 Marquette Place,Slavuta,186.89.20.170
Gerrie,Kettlestringes,85 Starling Crossing,Xinming,116.4.23.142
Eugenius,Whitington,6 Derek Circle,Pointe Michel,218.198.90.229
Candra,Grimston,7 South Crossing,Krujë,179.219.196.174
Levin,Wasielewicz,3176 Kim Junction,Thị Trấn Mường Lát,199.55.45.97
Marybeth,Larkby,9283 Kropf Trail,Binawara,215.115.96.254
Julio,Brickdale,16 Comanche Avenue,Pakisaji,171.13.142.107
Jethro,Shimony,4716 Kings Terrace,Gaopi,124.182.49.129
Sib,Ellar,0136 5th Street,Stryszawa,204.12.84.181
Dinah,Roxburch,60 Waxwing Center,Bachowice,85.105.114.232
Marlane,Vezey,94257 Truax Street,Badīn,109.146.252.141
Leeanne,Duell,47506 Duke Pass,Xilian,29.124.5.143
Kelcie,Schafer,480 Lighthouse Bay Circle,Cabo Frio,198.118.156.0
Rayner,Denzilow,83006 Colorado Avenue,Oemofa,170.185.48.16
Pincas,Fishbie,28 Welch Street,San Jose,192.70.73.230
Crichton,Tebbitt,9 Beilfuss Avenue,Kamalaputi,211.241.166.214
Delores,Ravenscroftt,7457 Grim Court,Erími,219.161.105.152
Jerald,Waskett,45604 Londonderry Terrace,Wenlin,177.218.170.129
Roby,Joint,9 Hazelcrest Hill,Tieli,233.78.135.124
Dasya,Bole,409 Lakewood Gardens Trail,Putukrejo,41.233.235.28
Nada,Elderkin,3142 Golf Terrace,Mazatenango,27.31.40.43
Pat,Ginnally,7 Norway Maple Parkway,Ishqoshim,156.151.140.200
Tibold,Palomba,67999 Bluestem Point,Dongfeng,91.93.125.158
Stace,Lee,2 Sherman Parkway,El Lolo,134.228.254.220
Kata,Haddow,13077 Corry Circle,Trindade,94.137.224.97
Alie,Greenman,1122 Arapahoe Alley,Solna,73.233.49.218
Herta,Simoneschi,099 Badeau Plaza,Villeneuve-la-Garenne,145.151.183.55
Vlad,Lavarack,1482 Prairie Rose Place,Gizo,10.181.148.194
Fleurette,Hawson,198 Eastwood Pass,Aleksandrovsk-Sakhalinskiy,215.75.91.130
Vanya,Graben,25 Fair Oaks Road,Omoa,193.205.250.7
Rubia,Ferrarese,3 Nelson Way,Balgatay,178.117.149.88
Freeland,Lambert-Ciorwyn,66 Montana Hill,Sahline,13.153.236.175
Esra,Tweedy,4 Kings Lane,Tianxin,102.5.40.87
Guthrie,Greatbach,666 Lien Pass,Las Tablas,79.120.71.27
Betty,Radmore,5 Bluejay Pass,Ibaté,84.192.208.218
Gabie,Hearley,2644 Dottie Circle,Kansas City,181.208.232.91
Ring,Gossage,9621 Riverside Pass,Jatisari,74.116.111.69
Dominique,Skells,6580 Hoffman Place,Kedunglo,33.52.139.195
Karrie,Peacop,65 Cody Street,Polkowice,224.165.14.130
Jolene,Cowerd,9 Mesta Junction,Pho Thale,159.51.26.28
Emmye,Dumberell,123 Red Cloud Point,Arras,204.239.136.189
Gladi,Keggin,264 Sloan Alley,Jabungsisir,24.248.26.226
Beitris,Stokes,4 Maple Court,Cishan,131.40.97.213
Falito,Lamdin,69046 Sutherland Point,Saposoa,6.28.94.85
Ripley,Vaulkhard,57947 Dapin Hill,Potrero Grande,123.240.245.77
Dare,Lemm,5 Ryan Plaza,Berëzovka,244.88.121.192
Nelle,McCormick,5 Main Place,Basarabeasca,255.226.246.244
Roselia,Reiach,269 3rd Court,Jiuhua,181.253.184.162
Lexine,Beetham,97 East Way,Tengah,104.49.58.120
Jo ann,Ennor,755 Sugar Crossing,Leon,178.55.231.1
Hyacinthia,Farlane,62026 Oakridge Pass,Shitan,71.206.220.34
Ugo,Cary,7202 Vermont Plaza,Caoyan,94.134.154.142
Emmett,Westmoreland,3406 Fallview Court,Mandapajaya,102.180.160.20
Stanford,Velden,4348 Shelley Plaza,Antaparco,173.46.21.157
Willem,Zipsell,5474 Melody Terrace,Tajerouine,226.182.103.13
Onofredo,Caron,5 Vidon Terrace,Loutrós,68.133.68.92
Lowe,Quickfall,589 Corry Center,Calingcing,53.125.155.251
Vivie,Ingray,57 Saint Paul Circle,Lilongwe,162.228.162.186
Judith,Eddicott,25995 Northfield Drive,Pavlovskaya,215.156.124.49
Geralda,Vardey,80202 Oneill Junction,Paris 10,186.211.230.249
Kienan,Thomlinson,9274 Crescent Oaks Park,Zaslawye,14.123.81.153
Gard,Esherwood,613 Onsgard Trail,Pámfylla,37.89.101.94
Jacquenetta,O'Bradden,887 Comanche Drive,‘Afīf,195.183.8.43
Zackariah,Keune,1 Donald Alley,Huangcun,214.118.69.185
Armand,Hothersall,9 Graceland Drive,Speightstown,49.156.57.253
Deva,Loxton,898 Holmberg Road,Tim,21.159.47.44
Bunni,Sydry,603 Thackeray Junction,Payao,231.27.193.68
Garry,Morforth,954 Rockefeller Lane,Pikalëvo,51.73.95.18
Theodore,Boerderman,209 Little Fleur Parkway,Orizari,253.92.145.57
Camellia,Hawksworth,163 Graedel Lane,Rado,243.133.222.163
Diena,Jakolevitch,82615 Mcguire Circle,Buenavista,35.230.28.196
Walton,Haistwell,30 Merrick Court,St. Thomas,250.228.145.59
Goraud,Levensky,34 John Wall Circle,Toyonaka,108.223.116.245
Justis,Brislane,6 Anthes Plaza,Raminho,10.133.49.168
Hamlin,Pedler,9 Hudson Crossing,Xinba,141.231.25.130
Kellen,Relfe,3 Delaware Street,Gaur,160.193.216.70
Rebeka,Harrod,8249 Continental Plaza,Kandana,73.215.97.95
Aile,Blodg,75987 Roth Hill,Rochester,1.112.140.255
Zabrina,Haulkham,622 Manley Alley,Ban Fang,160.64.114.8
Milissent,Groven,7794 Northwestern Trail,Eystur,214.125.59.41
Margareta,Esson,31652 Burning Wood Hill,Tocoa,30.102.24.147
Peder,Meadus,7 Hintze Circle,Ushi,185.2.195.130
Yurik,Bergstrand,29875 Sunbrook Circle,Semongkat,44.70.131.152
Calida,Kid,6461 Esker Terrace,Suwaru,75.172.237.140
Loy,Andraud,23031 Elmside Circle,Sangiang,137.150.173.191
Marie,Shingles,18528 Melody Plaza,Aisai,221.153.168.120
Farah,Matovic,2635 Oriole Parkway,Changdai,83.63.56.74
Jerrome,Bushen,7 Longview Plaza,Giesteira,128.57.213.172
Rowe,Cuolahan,60 Onsgard Center,Hisai,136.226.103.83
Kati,Elderkin,2 Westridge Road,Longkou,54.239.142.36
Reggi,Isitt,2501 Golf View Road,Xijiang,252.208.177.234
Si,Reeders,84587 Dayton Terrace,Wangmeng,61.4.121.64
Hobard,Loughnan,4601 Roxbury Parkway,Koror Town,11.254.119.182
Erhart,Hunn,2484 Rusk Road,Takanini,127.46.7.162
Fields,Kelly,9976 Becker Park,Carnaxide,132.26.31.227
Valene,Lau,2516 Stoughton Way,Khakhea,65.92.142.53
Lissie,Swait,3702 Londonderry Place,Peskovka,210.122.254.240
Amble,Malster,91191 Ruskin Way,Barcarena,96.104.148.166
Deloris,Faulds,60 Northwestern Terrace,Shimotoda,243.199.113.139
Maribel,Rodenborch,703 Morningstar Street,Xiaojinkou,18.205.100.67
Gustaf,Spracklin,5 Del Mar Place,Nglorogan,165.134.106.95
Bethina,Aucoate,52 Golf Hill,Ituiutaba,85.58.252.150
Hermon,Meineken,17528 Summit Center,Slatina,20.101.19.226
Antony,Limer,3329 Lakewood Gardens Place,Petung,171.188.36.252
Melicent,Le Sarr,46 Northport Pass,Alegrete,145.52.229.105
Clerc,Steaning,50 Laurel Avenue,Řečany nad Labem,212.18.19.0
Vita,Wormald,32 Eagan Place,Guozhai,65.151.126.8
Kayle,Lequeux,4424 Crest Line Pass,Shimen,126.37.91.167
Damiano,Gillham,9 Hoffman Place,Santa Clara,39.155.44.9
Cammy,Ambrogelli,020 Bonner Street,Putrajawa,249.168.62.65
Erskine,Hatliff,183 Hovde Avenue,Houxi,97.2.85.201
Patti,Dunning,39001 Northwestern Center,Yelizovo,35.202.82.107
Daffi,Bozward,312 Red Cloud Hill,Saño,141.67.76.198
Loella,Coleby,8941 2nd Court,Verkh-Usugli,241.27.139.203
Virgil,Duggleby,9 Melody Terrace,Ovruch,198.156.179.22
Luce,Langelaan,3 Surrey Street,Lijiaxiang,111.186.191.11
Theo,Pringle,9983 Straubel Street,Almere Haven,148.175.254.222
Dorice,Alkin,38 Artisan Plaza,Katyuzhanka,52.25.151.140
Roby,Gagie,22190 Russell Lane,Reno,221.130.155.190
Liuka,Gouldie,56926 Eggendart Trail,Meijiang,79.25.232.4
Allx,Poinsett,1567 Bonner Parkway,Yong’an,126.197.238.184
Janifer,Exer,33596 Eagle Crest Circle,Martapura,73.230.77.167
Tymon,Huckster,77 Dayton Avenue,Irirum,92.182.79.42
Idelle,Etchingham,8447 Corscot Lane,Guleluke,164.167.155.112
Lethia,Stillgoe,91073 Heffernan Junction,São Sepé,224.110.161.239
Ewen,Ridsdole,56214 Gina Road,Muara Siberut,226.131.22.6
Shaine,Maasze,1 Bashford Circle,Andoany,228.235.253.35
Ina,Redhole,7 Portage Court,Chenchang,34.92.123.108
Sophronia,Alabone,54426 Dixon Alley,Xinle,65.191.193.148
Patti,Attawell,486 Warrior Junction,Songqiao,172.65.216.141
Gonzalo,Sergison,19138 Sage Crossing,Trélazé,61.86.46.125
Carroll,Stubbings,3 Caliangt Park,Santiago dos Velhos,126.188.183.190
Ally,Thumnel,5408 Jana Circle,Rimpeso,187.234.104.198
Gerick,Gilhoolie,72294 Lighthouse Bay Court,Gus’-Zheleznyy,66.34.193.28
Niels,Lampert,58 Cody Circle,Purong,89.187.18.9
Trude,Lorraine,635 Mitchell Hill,Fukuechō,98.163.84.198
Jaquenette,Philipeau,3 Acker Circle,Bi’r Ḩāt,10.248.213.146
Renault,Leythley,79 Farragut Way,Kahama,115.226.163.150
Sybil,Commings,37 Hudson Trail,Doro Oo,226.210.18.244
Rodrick,Gilstoun,12 Rusk Crossing,Andamui,232.104.21.43
Dorolice,Piet,4 International Plaza,Golden,97.199.52.54
Oralia,Simek,7 Cascade Junction,Huotian,242.180.218.180
Adriano,Arpur,9 Golf Course Terrace,Porta,72.175.91.183
Corrinne,Frango,569 Ridgeway Avenue,Saharna,84.13.195.237
Barthel,Kenen,6966 Miller Park,Nueva Germania,126.56.186.224
Edyth,Vickerstaff,0 Forest Avenue,Al Faḩāḩīl,21.103.30.97
Lorrie,Bastiman,3 Harbort Way,Shuinan,179.71.2.33
Bartholomew,De Zamudio,3112 Westend Street,Barili,248.167.218.109
Cami,Sterman,046 Lakewood Gardens Point,Rosebank,128.77.220.51
Rowe,Cawthorn,1 Roth Circle,Hengjing,0.197.188.139
Sal,Belverstone,83 Evergreen Plaza,Jeleuk,35.237.112.137
Lurleen,Brelsford,43184 Mifflin Terrace,Hedian,18.12.74.17
Katya,Crewe,57 Carberry Pass,Redakodi,228.175.141.88
Thurston,Trighton,445 Upham Road,Chanthaburi,74.14.228.128
Yuma,Lawly,7090 Warner Place,Tiecun,56.84.129.95
Julian,Kernley,8 Meadow Ridge Road,Maindang,7.133.234.83
Shepherd,Roft,247 Rockefeller Place,Guimarães,122.39.200.153
Teresita,Fernely,11342 Warner Terrace,Rakek,105.130.163.87
Byrann,Domelow,399 Mifflin Junction,Savyon,95.168.137.199
Marve,De Lorenzo,6506 Saint Paul Terrace,Palcza,205.84.86.21
Ilyse,Byham,800 Buell Lane,Mayingzhuang,121.231.171.96
Scarlet,Swarbrigg,12 Drewry Circle,Sukaharja,170.63.194.203
Burt,Siebert,6 Magdeline Crossing,Snizhne,33.15.161.131
Alanson,Ghelarducci,62091 Killdeer Plaza,Kan,107.117.61.10
Brockie,Pendle,0115 Waywood Alley,Bobota,119.75.134.210
Alano,Folds,86133 Gerald Parkway,Il’ichëvo,250.93.127.17
Roz,Milthorpe,1980 Jay Point,Kimméria,176.51.227.133
Brnaba,Lilian,46 Lighthouse Bay Way,Temirtau,41.66.42.75
Eilis,Blunden,31385 Esker Point,Sokodé,121.101.149.158
Thedric,Hanniger,4455 Lillian Pass,Degeberga,159.46.99.82
Adelina,Goacher,298 Crownhardt Trail,Ea T’ling,146.170.140.207
Maudie,Tomaszynski,438 Lukken Crossing,Puyo,36.141.212.118
Joy,Tift,158 Debs Junction,Rimpakgede,43.249.93.96
Stuart,Tattershaw,405 Milwaukee Court,Souto,80.87.199.190
Gerard,Fearne,2 Michigan Pass,Neftekamsk,46.17.20.229
Lilly,Kingswood,0786 Burning Wood Circle,Żórawina,243.152.117.121
Kissiah,Boylan,81165 American Plaza,Itapicuru,245.132.135.148
Eduard,Attwood,63 Lake View Place,Yefremov,65.105.191.190
Bambi,Ilyenko,3 Eagan Road,Varėna,176.69.47.170
Kyle,MacTerrelly,46 Scott Crossing,Beopwon,200.191.88.81
Garrard,Hallwell,887 Debs Crossing,Binucayan,163.84.176.199
Kingsly,Ellerton,62749 Pearson Center,Ayang-ni,11.128.164.1
Stella,Milmith,64363 Forest Terrace,Plandi,107.225.209.131
Jodie,Gask,063 Mosinee Lane,Mataloko,5.152.23.55
Roxy,Roddan,0 Mariners Cove Circle,Wenchang,12.211.250.181
Odie,Crayden,503 Green Plaza,New Yekepa,193.49.241.249
Richmound,Gramer,030 Hallows Point,Shiyuan,130.248.238.46
Pierre,Waitland,010 Spohn Junction,Kaznějov,151.218.64.235
Van,Cottesford,566 Elka Crossing,Najrān,136.159.147.72
Zachary,Grinnell,460 Melrose Hill,Marcabamba,144.97.21.125
Cecilius,Scrivens,1374 Ohio Center,Zherdevka,128.65.92.251
Clem,Barrowcliffe,246 Maple Parkway,Canta,21.154.117.49
Blancha,Temporal,5045 Talisman Center,Sentul,182.213.187.250
Nevil,Tomaszek,66039 American Ash Trail,El Cacao,108.95.143.14
Obadias,Sellwood,8423 Hooker Court,Villa Allende,147.191.25.217
Meridel,Domini,6357 Fordem Center,Sakaraha,247.156.34.186
Arne,Cannell,05 Esch Circle,Saint-Eustache,61.1.18.189
Kathlin,Cherrington,7630 Randy Plaza,Huya,151.77.58.156
Gigi,Crandon,5962 Jenna Hill,Turochak,79.25.228.124
Eydie,Stork,836 Talmadge Circle,Ribeira,41.248.13.14
Filmore,Goodbody,47575 Elgar Terrace,San Luis,19.80.83.110
Vivienne,Vodden,21680 2nd Street,Mesyagutovo,250.70.95.173
Frankie,Ballham,840 Butterfield Pass,Aheloy,6.82.248.73
Suzanne,Danick,47748 Springview Hill,Xinhua,99.124.131.187
Val,Josefsen,8380 Eagan Center,Qingshui,146.116.234.115
Aeriela,Float,464 Mcbride Road,Rönninge,120.110.94.49
Donnell,Mac,03998 Lyons Center,Afareaitu,130.244.104.100
Alberta,Bassingden,38 Packers Terrace,Gutang,48.237.4.19
April,Timbs,2 Beilfuss Street,Sangoleng,85.255.167.158
Darci,Willbond,64 Lerdahl Place,London,71.15.104.141
Nerty,Caslake,8296 Garrison Center,Bellavista,117.137.208.123
Bentley,Hovee,717 Valley Edge Terrace,Tibro,247.46.3.207
Cayla,Brame,68877 Dryden Drive,Payao,244.60.206.103
Duane,Sutcliffe,67012 Welch Crossing,Estreito,38.247.107.175
Trula,O'Fergus,78 Continental Lane,Boro,11.125.10.73
Minni,Schruyers,32 Pawling Trail,Banjar Bau Kawan,115.158.195.92
Maximo,Patis,7 Darwin Lane,Ngaruawahia,26.167.116.145
Monte,Martinovsky,495 Continental Crossing,Wyszków,184.92.15.5
Aime,Reightley,4 Corscot Plaza,Aygezard,191.154.201.255
Westbrook,Bayles,0 Summerview Junction,Denver,74.89.208.60
Adey,Romer,56 Luster Court,Lianhua,29.75.134.69
Duke,Congreve,778 Pankratz Circle,Paris 17,167.132.24.73
Dominga,Deadman,1236 Alpine Way,Hrtkovci,35.10.172.22
Stern,Dax,12033 Manitowish Avenue,Magarao,1.224.173.11
Emanuel,Cheal,99 Delladonna Trail,Tomice,245.84.21.147
Brod,FitzGibbon,34064 Heath Parkway,Gondar,17.57.195.5
Junina,Serjeant,662 Pond Avenue,Jasaan,73.7.158.130
Justinian,Bowskill,8719 Truax Junction,Xuân Trường,163.241.4.144
Jesse,McIlrath,2 Sherman Parkway,Windusakti Hilir,209.61.94.196
Martita,Duquesnay,46 Elka Way,Vélo,246.61.115.23
Mada,Jude,22277 Oak Crossing,Ferreiras,185.249.196.157
Gabie,Harce,139 Badeau Point,Si Sa Ket,165.109.28.102
Archibold,Maudlen,0002 Esch Junction,Lau,74.76.164.160
Gabbi,Wardington,73684 Stuart Crossing,La Roche-sur-Yon,217.202.171.84
Adele,Gluyus,39 Briar Crest Trail,Hejiabao,101.232.170.77
Enrichetta,Cubitt,24 Larry Parkway,Sonta,186.132.240.30
Ardene,Sharphouse,63241 Burning Wood Crossing,Żebbuġ,226.37.10.39
Meridith,Fillary,30 Oak Way,Tower,151.209.111.244
Kristine,Ellam,2160 Raven Trail,Kubang,74.186.97.213
Baryram,Brimilcome,7363 Amoth Street,Vardablur,98.235.106.77
Cecil,Creavan,9 Briar Crest Trail,Khagrachhari,215.66.98.249
Giusto,Sommer,40 Katie Plaza,Khanabad,162.172.8.197
Stephanus,Mateuszczyk,508 Buhler Plaza,Caluya,63.196.82.34
Cully,Walczak,8294 Westerfield Junction,Kálymnos,154.171.80.4
Travus,Passfield,194 David Hill,Barão de São Miguel,48.94.73.238
Guido,MacGeaney,6 Sunnyside Alley,Sakai,53.92.167.206
Cleo,Wyborn,585 Drewry Alley,Ermidas do Sado,210.90.40.239
Colver,Lockett,434 Arkansas Road,Konsoy,220.50.61.62
Nani,Mattiussi,138 Linden Center,Ural,19.105.20.13
Ingrim,Lyles,46 Warrior Parkway,Aban,93.228.24.41
Sharyl,Garrettson,2838 Rutledge Plaza,Marinilla,233.114.69.65
Clementius,Eyer,00 Oneill Alley,Esperanza,248.29.182.236
Tamiko,Keeri,311 Westridge Place,Lamas,46.157.144.249
Titos,Maunders,91006 Schmedeman Avenue,Mariestad,81.136.64.150
Major,Olenikov,78599 Duke Trail,Yumbo,32.94.253.95
Bryon,Cheal,0323 South Way,Kalampáka,110.47.91.239
Dulcia,Niece,6303 Armistice Alley,Qiaolin,14.104.13.235
Wolfie,Herrieven,4534 Anhalt Park,Shihuiyao,247.230.150.187
Shelley,Lackinton,055 Pleasure Avenue,Trinidad,236.101.129.191
Ofilia,Lewerenz,8927 Lakewood Gardens Drive,Banjar Taro Kelod,56.85.15.234
Ariella,Bye,88 6th Terrace,Město,154.174.222.32
Trula,Krishtopaittis,6811 Dwight Terrace,Lusacan,219.158.144.91
Giordano,Cullerne,722 Ramsey Alley,Inglewood,198.215.196.64
Shem,Wand,58311 Melvin Hill,Spring,90.241.80.39
Wynne,Bugbird,205 Amoth Trail,Baoyou,213.88.160.245
Morgen,Faraday,53 Havey Junction,Drogomyśl,190.74.89.58
Rogers,Skyram,8 Troy Alley,Xiehu,107.210.174.74
Stanislas,Mathivon,11277 Summerview Drive,Duekoué,78.124.199.183
Andrew,McFadin,8 Pond Pass,Zarya,174.88.248.179
Cleveland,McHardy,931 Main Terrace,Oklahoma City,218.209.254.254
Fancy,Falk,354 Schmedeman Center,Ciudad Barrios,249.212.163.237
Zola,Cranage,9 Ilene Way,Kadubincarung,25.167.68.205
Elsy,Kellet,6 Westend Lane,Lixin,148.22.63.172
Chery,Varey,2 Gateway Drive,Älvsjö,231.229.36.194
Scarlet,Pawle,7 Anzinger Avenue,Nikol’sk,247.4.22.217
Larry,Thowes,3 Rutledge Alley,Jiaozhou,115.251.206.11
Lola,Sayles,9 Mifflin Plaza,Badai,92.245.67.51
Nikos,Inge,5 Vernon Park,Granja,225.249.11.5
Jeniece,Dennerly,185 Brown Drive,Hoxtolgay,252.184.103.237
Doreen,Levens,5280 Walton Parkway,Santo Domingo Oeste,26.227.132.103
Shannen,Landeaux,53801 Farwell Street,Vereya,1.163.171.236
Dotti,Killiam,48 Merry Street,Miān Channūn,165.102.150.170
Octavia,Pitson,63 Towne Pass,Aotou,91.182.10.23
Hollyanne,Lynam,174 Fallview Plaza,Horta,95.219.98.5
Christian,Gingle,489 Old Gate Terrace,Wenquan,254.145.121.137
Ana,Hanscomb,848 Mosinee Park,Masaran,132.252.222.81
Iain,Ballsdon,56 Ronald Regan Terrace,Bobigny,75.245.131.41
Claudine,Kendrick,68694 Colorado Street,Anaheim,143.7.152.117
Tallulah,Stephens,121 Drewry Street,Wanasari Baleran,170.101.19.40
Christine,Spray,6590 Cordelia Street,Subulussalam,96.212.105.78
Goldy,Abrahamsson,1895 Maple Wood Avenue,Fenghuang,100.170.56.231
Millicent,Drains,92 Cody Avenue,Muraharjo,19.212.94.177
Pete,McKechnie,67556 Montana Point,Oslo,147.168.126.234
Rivkah,Poland,08599 Butternut Hill,Sabangan,205.195.11.13
Eleanora,Passo,75297 Helena Terrace,Guimbal,44.221.11.6
Rem,Knoble,965 Brickson Park Circle,Bojongloa,50.73.223.254
Conrado,Gookey,8542 Banding Alley,Huangdao,140.41.189.212
Etty,Leyninye,419 Ridgeview Point,Longtian,198.111.95.155
Opal,MacCallum,2750 Westport Drive,Qelëz,121.132.135.62
Susannah,Darracott,3 Annamark Junction,Kousa,63.49.0.66
Brietta,Logg,23 Sunbrook Hill,Beidong,102.169.144.186
Yelena,Bougourd,668 Rowland Lane,Tortosa,157.65.241.249
Rosemonde,Conlon,18 Alpine Crossing,Mataya,202.254.147.227
Donal,Follows,789 Fallview Street,Taldyqorghan,32.163.109.216
Burlie,Largan,8940 Bonner Center,Guanqian,178.214.152.130
Nerta,Grahl,86 Carberry Way,Touho,159.221.7.88
Mackenzie,Liston,318 Bunker Hill Drive,Picoto,237.122.176.249
Juliane,Devon,83325 Morning Lane,Vyshneye Dolgoye,131.33.79.41
Mallorie,Poundesford,40 Schiller Alley,Urho,117.135.163.159
Mahala,Marchello,3 Shoshone Drive,Hufang,17.174.143.240
Hally,Reith,5336 Hollow Ridge Place,Rāmhormoz,188.92.244.248
Reynold,Cars,9232 Hermina Terrace,Maloyaroslavets,236.68.172.217
Bradford,Le Surf,4669 Straubel Road,Kolaka,25.199.152.239
Cherilyn,Elam,634 Jackson Point,Vorob’yovo,252.40.193.103
Wylie,Kadar,30755 Pleasure Alley,El Limon,241.194.63.254
Kipp,Greatreax,71402 Marcy Circle,Novosmolinskiy,79.128.229.82
Orsa,Parmeter,3 Crownhardt Place,Gevgelija,47.210.156.14
Rasia,Airs,9 Vernon Way,Saint-Félicien,168.59.203.123
Hynda,Eberle,070 Mallory Street,Santander,234.117.167.36
Waverley,Tosh,225 Bartillon Parkway,Pampas Chico,91.169.184.89
Jard,Grain,88925 Hoepker Drive,Krasnomayskiy,218.239.250.74
Lani,Vyel,3245 Saint Paul Park,Brokopondo,78.178.208.167
Toni,Dwight,62 Northview Crossing,Vrilissia,159.26.213.253
Deane,Shuttle,8 Saint Paul Court,Lalagsan,124.44.5.118
Marlon,Badgers,15993 Farmco Drive,Chenzhou,112.141.181.215
Ottilie,Aukland,69696 Dapin Point,San Vicente,247.19.136.120
Kalle,De Bruin,219 Rutledge Terrace,Světlá nad Sázavou,238.119.47.10
Deena,Bartczak,41879 Bartelt Court,Goianira,51.255.186.170
Kenna,Camoletto,72 Center Circle,Dongyuan,194.98.195.150
Theodosia,Shinn,8295 Tomscot Avenue,Changshan,101.252.150.39
Abel,Kloska,1 Straubel Drive,Águas de Lindóia,210.39.204.9
Wood,Navaro,5 Jana Trail,Tohong,75.140.142.72
Dory,Amdohr,94 Knutson Parkway,Pindiga,231.178.51.243
Sal,Grunnill,74 Dapin Junction,Acli,154.13.193.52
Lindsey,Cosbee,2406 Superior Pass,Avignon,217.239.160.17
Pryce,Valentetti,90 Shoshone Pass,Ueki,167.251.150.205
Ferguson,Powley,47324 Hoepker Road,Janes,219.191.37.120
Gayle,Scapelhorn,3 Di Loreto Circle,Rive-de-Gier,203.9.77.46
Jacquelyn,Fairrie,40066 Farragut Crossing,Varginha,152.243.93.108
Bathsheba,Jachimiak,1 Bowman Pass,Dongxin,157.221.231.70
Gertrudis,Domenicone,2475 Morning Point,Langnga,254.167.14.41
Ali,Boarder,57293 Graceland Terrace,Mossel Bay,249.254.83.87
Allister,Bratch,907 Stuart Park,Manacsac,100.118.209.125
John,Lapenna,15 Waywood Avenue,Den Chai,99.218.17.147
Marie-ann,Beckles,4 Sycamore Trail,Kendari,82.99.122.108
Pooh,Waistall,252 Westerfield Point,Kepuh,159.92.245.2
Brantley,Laffranconi,39 Mcbride Plaza,Solidaridad,129.39.237.108
Estel,Wildsmith,43 Surrey Road,Vales,201.181.232.121
Nertie,McIver,5743 Luster Junction,Pringu,224.31.90.15
Matelda,Chason,5 Springview Drive,Angatel,61.189.150.83
Estrella,Conquer,201 Lerdahl Crossing,Buenos Aires,168.106.205.81
Yolanthe,Carlet,3369 Kipling Street,Fort Smith,232.132.2.109
Tabby,Simnett,5473 Red Cloud Plaza,Balagui,29.218.67.2
Patti,Abbess,812 Starling Street,Beidajie,187.234.165.22
Milli,Folliott,76 Carioca Alley,Sebadelhe,199.212.40.124
Suzann,Battman,983 Victoria Point,Huangnan,160.210.34.173
Nelson,Oxenford,59 Gerald Avenue,Korniyivka,213.72.129.152
Morna,Bingham,7 Ohio Parkway,Batken,135.140.148.49
Katha,Aldwich,4 Del Mar Parkway,Nizhniy Dzhengutay,152.3.27.246
Stefania,Kinneir,14 7th Hill,Legok,127.87.111.98
Ola,Guyonnet,881 Esker Court,Yantang,189.115.241.68
Maxim,Alexandre,883 Aberg Crossing,Karabudakhkent,94.111.18.174
Carmel,Canham,393 Moose Center,Sokółka,64.132.76.77
Agnes,Ridolfi,3626 Darwin Road,Ordzhonikidzevskaya,117.24.168.106
Yulma,Huton,929 Blue Bill Park Terrace,Kolyubakino,163.82.7.210
Whitney,New,6600 Badeau Drive,Lazaro Cardenas,90.93.215.227
Aridatha,Jochen,041 Golf Alley,Kawaguchi,42.92.64.22
Mark,Amburgy,6656 Lighthouse Bay Point,Al Minyā,230.10.1.27
Lil,Vezey,0 Anzinger Avenue,Tarrafal,172.35.193.187
Jennie,Lanigan,37374 Sloan Trail,Rio Pardo,29.147.4.238
Simonette,Holligan,37 Division Place,Biograd na Moru,214.163.35.55
Meghann,Cardis,02 Fremont Lane,Ābyek,188.150.4.246
Shandie,Blake,137 Transport Way,Saryg-Sep,75.56.106.29
Shellie,Porter,126 Rigney Parkway,Capitán Sarmiento,192.174.106.93
Bridie,Thurlbeck,6 Dapin Circle,Kalashnikovo,155.214.213.219
Clint,Gormley,02803 Mcbride Pass,Camp Diable,75.222.172.114
Briana,Mc Coughan,4 Chive Park,Masis,204.137.182.110
Andree,Ickowics,7 Commercial Court,Andong,198.178.66.70
Aloisia,McLucas,1224 Warbler Alley,Cubará,86.93.238.164
Benedikt,Ren,4447 Redwing Road,Heshi,105.31.155.198
Lura,Oliveto,5 Westerfield Road,Frankfort,98.5.78.170
Aldon,Neubigin,88 Union Center,Krajan Suko Kidul,183.32.38.113
Johnny,Bond,3941 Di Loreto Alley,Ar Rahad,183.207.180.141
Frayda,Tetsall,9964 Dixon Plaza,Hengjie,235.175.255.39
Marcel,Nussey,7242 Artisan Alley,Nong Khai,116.7.92.179
Kala,Santorini,4196 Russell Way,Rio das Pedras,111.58.246.235
Xenia,Kennaird,7 Green Center,Shchukino,12.147.26.94
Reidar,Danjoie,4 Corben Street,Honda,28.63.136.139
Jilli,Josuweit,0163 Kim Center,Tevriz,108.164.206.235
Edlin,Backman,5 Raven Center,Semanding Barat,56.255.166.110
Lillis,Mahaddie,272 Del Sol Way,Grenoble,204.138.244.217
Lammond,Robbert,6 Paget Park,Chynadiyovo,242.8.20.61
Ana,Tumulty,5 Hayes Circle,Santo Tomas,75.175.83.198
Betty,Balazin,25 Darwin Park,Sirnarasa,7.247.122.172
Jaclyn,Claasen,8 Stuart Hill,Quxi,181.143.123.194
Emmalynn,Lilloe,70228 Prentice Way,Donan,100.144.38.193
Kristo,Lapwood,0 Vermont Center,Orsha,236.246.223.178
Shep,Siley,61 Coolidge Pass,Yakimovo,130.231.80.170
Camey,People,1 Forest Crossing,Anchang,149.63.248.231
Barrie,Linkie,55 Gulseth Court,Chiquinquirá,250.252.35.48
Nada,Vidgeon,87676 Donald Lane,Kiyawa,218.208.38.65
Tucker,Brideau,97 Everett Parkway,Pantano do Sul,141.59.229.137
Taber,Bartoszewski,73 Eagan Trail,Shihui,182.208.201.110
Gearalt,O'Flynn,2758 Linden Hill,Mutoko,69.111.195.21
Ronni,Tourne,8801 American Hill,Gaoming,180.78.158.77
Felipa,Bracken,0272 Graedel Parkway,Magok,72.114.95.222
Cymbre,Stollwerck,19 Arrowood Street,Géfyra,159.9.10.98
Lea,Algate,7 High Crossing Trail,Pananaw,156.62.51.29
Hammad,Duckhouse,0514 Pine View Place,Berehomet,157.148.35.146
Roth,Busswell,7 Hallows Road,Hwacheon,102.130.144.149
Isak,Juggings,89 3rd Avenue,Yuandun,40.3.16.154
Carlotta,Troak,0721 Lindbergh Point,Santol,191.89.184.29
Siusan,Sipson,4662 Eagle Crest Park,Bunutan,119.241.36.228
Lemmy,Kirkby,74471 Bartillon Alley,Przybyszówka,78.249.138.184
Brittany,Devonside,1577 Canary Hill,Tuzha,193.208.12.66
Karin,Lothean,822 Pierstorff Pass,Kawanoechō,50.245.146.193
Guenevere,Kleinberer,1 Russell Road,Artemisa,183.127.108.86
Broderic,Gilley,02724 Surrey Pass,São Manços,116.199.28.25
Aubrie,Colebourne,392 Towne Junction,Espumoso,24.23.47.8
Claudina,Skoof,39304 Main Junction,Loúros,35.110.59.144
Mace,Medeway,40083 Steensland Alley,Daohe,92.106.152.240
Bernette,Eaklee,565 Eagle Crest Plaza,Nikitinskiy,200.133.61.242
Olivero,Lownsbrough,46664 Kings Junction,Oja,116.51.162.32
Asa,Baldocci,97655 Forest Dale Avenue,Unquillo,201.213.179.92
Karrah,Larcombe,9 Prairieview Circle,Malaga,25.78.113.90
Mace,Gaitley,68967 Loomis Point,Banjar Madangan Kaja,250.122.115.14
Jemmie,Lednor,59 Harper Pass,Litan,83.113.208.208
Randal,Scholard,5 Del Mar Trail,Okaya,183.12.223.22
Helenka,Spriggen,70 Valley Edge Junction,Lianzhou,214.15.95.174
Cody,Middlehurst,80 Porter Road,Panayagan,174.0.37.77
Randi,Kittman,30409 Manufacturers Court,Waru,190.84.124.28
Nissa,Henlon,53136 Scofield Terrace,Ogwashi-Uku,71.184.217.69
Cherice,Zellick,8 Roxbury Avenue,Mor Laok,81.208.116.111
Ephrem,Witz,51 Walton Drive,Cadiz,58.202.218.205
Nicolette,Verchambre,487 Jay Park,Zborište,180.10.66.28
Cher,Filipov,9523 Ridgeview Pass,Uchiza,145.163.113.29
Jarret,Dukesbury,8 Vahlen Road,Vila Velha de Ródão,180.117.176.253
Justino,Lymer,9 Brickson Park Hill,Jacaraú,176.242.25.75
Langsdon,Engeham,53797 Acker Circle,Langtou,195.126.149.63
Hedda,Scading,324 Park Meadow Terrace,Jūrīsh,87.31.242.231
Bartholomeo,Bockings,61 Bartelt Trail,Kyjov,12.127.14.244
Riordan,Grumley,86599 Emmet Center,As Saffānīyah,12.78.244.248
Tabbitha,Spatarul,7 Loomis Way,Rennes,163.121.48.141
Gerek,Jost,8 Walton Crossing,Columbus,23.155.211.80
Corine,Risman,43113 Mosinee Parkway,Savanna-la-Mar,131.222.228.206
Harold,Dowears,3 Randy Lane,Ar Rābiyah,126.92.154.239
Opalina,Marzello,0 Messerschmidt Parkway,Asikkala,230.57.180.42
Patten,Eagger,13 Old Gate Alley,Kusheriki,6.174.95.59
Fred,Narracott,71 Hoard Plaza,Porvenir,37.17.43.148
Trefor,Thresher,56291 Golf View Park,Nema,194.194.149.98
Benetta,Mewha,499 Warner Terrace,Xing’an,157.4.119.103
Candice,Sigart,2 Sullivan Crossing,Santarém,227.103.101.52
Heywood,Stivens,2 Wayridge Court,Jiangkou,1.112.73.30
Ryon,Rubbert,67286 Onsgard Crossing,Enskededalen,219.23.156.86
Armando,Senner,52 Clemons Road,Cigaras,3.163.124.4
